{
    "camera_matrix": [
        [
            1480.9405750728533,
            0.0,
            953.7913900097329
        ],
        [
            0.0,
            1514.4236011552389,
            536.4569116965756
        ],
        [
            0.0,
            0.0,
            1.0
        ]
    ],
    "dist_coeff": [
        [
            0.13557932212274879,
            -0.8828934557286756,
            0.0015358552449101935,
            -0.000282272076909882,
            0.9943515740583051
        ]
    ]
}