{
    "camera_matrix": [
        [
            754.7109203890594, 0.0, 960.3025135844665],
        [   0.0, 773.6978252030653, 446.9628131584878],
        [   0.0, 0.0, 1.0]
    ],
    "dist_coeff": [
        [
            -0.25797709669226637,
            0.06371564918799397,
            -0.0002967557346115811,
            0.00011020891476019302,
            -0.006549172606043201
        ]
    ]
}