{
    "camera_matrix": [
        [1650.2903974369747, 0.0, 820.6591201586755], 
        [0.0, 1700.0271492311841, 550.3788479054635],
        [0.0, 0.0, 1.0]
    ],
    "dist_coeff": [
        [
            0.025801182469247442
        ],
        [
            -0.05645752538208435
        ],
        [
            0.05550225943905973
        ],
        [
            -0.0182343392555864
        ]
    ]
}