{"camera_matrix": [[1516.948530763344, 0.0, 942.5321157516278], [0.0, 1507.9082656223416, 521.4113748867968], [0.0, 0.0, 1.0]], "dist_coeff": [[0.16819392393070498, -1.0377455720260065, -0.0007221148646261825, -0.0044008941368188, 1.1562680320415302]]}